Entity,Code,Year,Decadal average surface temperature
Afghanistan,AFG,1940,11.966856
Afghanistan,AFG,1950,11.262519
Afghanistan,AFG,1960,11.318892
Afghanistan,AFG,1970,11.769125
Afghanistan,AFG,1980,11.884798
Afghanistan,AFG,1990,11.781728
Afghanistan,AFG,2000,12.778719
Afghanistan,AFG,2010,13.015984
Albania,ALB,1940,11.613596
Albania,ALB,1950,12.1952
Albania,ALB,1960,12.065481
Albania,ALB,1970,11.942038
Albania,ALB,1980,12.091216
Albania,ALB,1990,12.241671
Albania,ALB,2000,12.447178
Albania,ALB,2010,13.143283
Algeria,DZA,1940,21.794376
Algeria,DZA,1950,22.052113
Algeria,DZA,1960,22.4429
Algeria,DZA,1970,22.332247
Algeria,DZA,1980,22.957952
Algeria,DZA,1990,23.12503
Algeria,DZA,2000,23.736147
Algeria,DZA,2010,24.137493
American Samoa,ASM,1940,26.320572
American Samoa,ASM,1950,26.30614
American Samoa,ASM,1960,26.41294
American Samoa,ASM,1970,26.302021
American Samoa,ASM,1980,26.388935
American Samoa,ASM,1990,26.626886
American Samoa,ASM,2000,26.746027
American Samoa,ASM,2010,26.888103
Andorra,AND,1940,4.223714
Andorra,AND,1950,4.2461634
Andorra,AND,1960,4.195718
Andorra,AND,1970,4.0202
Andorra,AND,1980,4.7781277
Andorra,AND,1990,5.0788226
Andorra,AND,2000,5.4807935
Andorra,AND,2010,5.7490416
Angola,AGO,1940,21.746304
Angola,AGO,1950,21.419758
Angola,AGO,1960,21.256931
Angola,AGO,1970,21.31311
Angola,AGO,1980,21.81519
Angola,AGO,1990,22.033194
Angola,AGO,2000,22.03262
Angola,AGO,2010,22.557241
Anguilla,AIA,1940,25.771778
Anguilla,AIA,1950,25.772467
Anguilla,AIA,1960,25.860235
Anguilla,AIA,1970,25.652767
Anguilla,AIA,1980,25.836151
Anguilla,AIA,1990,25.990168
Anguilla,AIA,2000,26.123713
Anguilla,AIA,2010,26.236607
Antigua and Barbuda,ATG,1940,25.785791
Antigua and Barbuda,ATG,1950,25.785877
Antigua and Barbuda,ATG,1960,25.91126
Antigua and Barbuda,ATG,1970,25.686573
Antigua and Barbuda,ATG,1980,25.828192
Antigua and Barbuda,ATG,1990,26.028316
Antigua and Barbuda,ATG,2000,26.186993
Antigua and Barbuda,ATG,2010,26.277689
Argentina,ARG,1940,14.060112
Argentina,ARG,1950,14.109253
Argentina,ARG,1960,14.350418
Argentina,ARG,1970,14.26665
Argentina,ARG,1980,14.458633
Argentina,ARG,1990,14.452772
Argentina,ARG,2000,14.610395
Argentina,ARG,2010,14.929667
Armenia,ARM,1940,5.1158667
Armenia,ARM,1950,5.5834513
Armenia,ARM,1960,5.8723693
Armenia,ARM,1970,5.57309
Armenia,ARM,1980,5.7359567
Armenia,ARM,1990,5.9093585
Armenia,ARM,2000,6.387453
Armenia,ARM,2010,7.0842886
Australia,AUS,1940,21.828707
Australia,AUS,1950,21.974276
Australia,AUS,1960,21.840328
Australia,AUS,1970,21.528017
Australia,AUS,1980,21.97793
Australia,AUS,1990,22.032776
Australia,AUS,2000,22.090734
Australia,AUS,2010,22.344429
Austria,AUT,1940,5.141807
Austria,AUT,1950,5.571209
Austria,AUT,1960,5.484603
Austria,AUT,1970,5.5441656
Austria,AUT,1980,5.6143556
Austria,AUT,1990,6.1722918
Austria,AUT,2000,6.8473015
Austria,AUT,2010,7.4177847
Azerbaijan,AZE,1940,11.27044
Azerbaijan,AZE,1950,11.16704
Azerbaijan,AZE,1960,11.320841
Azerbaijan,AZE,1970,11.321768
Azerbaijan,AZE,1980,11.405335
Azerbaijan,AZE,1990,11.603453
Azerbaijan,AZE,2000,12.143887
Azerbaijan,AZE,2010,12.676212
Bahamas,BHS,1940,25.33337
Bahamas,BHS,1950,25.121946
Bahamas,BHS,1960,24.99189
Bahamas,BHS,1970,25.065039
Bahamas,BHS,1980,25.113304
Bahamas,BHS,1990,25.396214
Bahamas,BHS,2000,25.375082
Bahamas,BHS,2010,25.665487
Bahrain,BHR,1940,25.627197
Bahrain,BHR,1950,25.645807
Bahrain,BHR,1960,25.808819
Bahrain,BHR,1970,25.489584
Bahrain,BHR,1980,25.466557
Bahrain,BHR,1990,25.71585
Bahrain,BHR,2000,26.10114
Bahrain,BHR,2010,26.292856
Bangladesh,BGD,1940,24.774513
Bangladesh,BGD,1950,24.882084
Bangladesh,BGD,1960,24.973892
Bangladesh,BGD,1970,24.95591
Bangladesh,BGD,1980,25.05106
Bangladesh,BGD,1990,25.124626
Bangladesh,BGD,2000,25.390198
Bangladesh,BGD,2010,25.536896
Belarus,BLR,1940,5.4187436
Belarus,BLR,1950,5.781308
Belarus,BLR,1960,5.8159637
Belarus,BLR,1970,6.073676
Belarus,BLR,1980,6.099433
Belarus,BLR,1990,6.747964
Belarus,BLR,2000,7.291963
Belarus,BLR,2010,7.7693415
Belgium,BEL,1940,9.364581
Belgium,BEL,1950,9.190631
Belgium,BEL,1960,9.225568
Belgium,BEL,1970,9.239952
Belgium,BEL,1980,9.272171
Belgium,BEL,1990,9.934237
Belgium,BEL,2000,10.427385
Belgium,BEL,2010,10.440287
Belize,BLZ,1940,24.18372
Belize,BLZ,1950,24.304829
Belize,BLZ,1960,24.596024
Belize,BLZ,1970,24.665483
Belize,BLZ,1980,24.893677
Belize,BLZ,1990,25.279156
Belize,BLZ,2000,25.468634
Belize,BLZ,2010,25.89925
Benin,BEN,1940,26.405064
Benin,BEN,1950,26.256033
Benin,BEN,1960,26.659847
Benin,BEN,1970,26.65578
Benin,BEN,1980,27.259312
Benin,BEN,1990,27.30428
Benin,BEN,2000,27.547947
Benin,BEN,2010,27.848606
Bhutan,BTN,1940,6.7885995
Bhutan,BTN,1950,7.173116
Bhutan,BTN,1960,7.344168
Bhutan,BTN,1970,7.609418
Bhutan,BTN,1980,7.7235384
Bhutan,BTN,1990,7.944049
Bhutan,BTN,2000,8.279564
Bhutan,BTN,2010,8.575572
Bolivia,BOL,1940,19.353476
Bolivia,BOL,1950,18.982944
Bolivia,BOL,1960,19.511766
Bolivia,BOL,1970,19.408024
Bolivia,BOL,1980,19.666273
Bolivia,BOL,1990,19.888805
Bolivia,BOL,2000,20.195354
Bolivia,BOL,2010,20.587376
Bosnia and Herzegovina,BIH,1940,8.466156
Bosnia and Herzegovina,BIH,1950,9.282221
Bosnia and Herzegovina,BIH,1960,9.076327
Bosnia and Herzegovina,BIH,1970,9.141766
Bosnia and Herzegovina,BIH,1980,9.256629
Bosnia and Herzegovina,BIH,1990,9.5812645
Bosnia and Herzegovina,BIH,2000,10.411464
Bosnia and Herzegovina,BIH,2010,10.873003
Botswana,BWA,1940,21.711884
Botswana,BWA,1950,21.359697
Botswana,BWA,1960,21.347416
Botswana,BWA,1970,21.19202
Botswana,BWA,1980,21.83076
Botswana,BWA,1990,22.09568
Botswana,BWA,2000,21.902864
Botswana,BWA,2010,22.35683
Brazil,BRA,1940,24.193356
Brazil,BRA,1950,24.39146
Brazil,BRA,1960,24.366207
Brazil,BRA,1970,24.20204
Brazil,BRA,1980,24.475826
Brazil,BRA,1990,24.721247
Brazil,BRA,2000,24.931515
Brazil,BRA,2010,25.288067
Brunei,BRN,1940,24.82143
Brunei,BRN,1950,25.32874
Brunei,BRN,1960,25.29713
Brunei,BRN,1970,25.535774
Brunei,BRN,1980,25.901468
Brunei,BRN,1990,26.17043
Brunei,BRN,2000,26.289957
Brunei,BRN,2010,26.619694
Bulgaria,BGR,1940,10.224178
Bulgaria,BGR,1950,10.643305
Bulgaria,BGR,1960,10.798745
Bulgaria,BGR,1970,10.530949
Bulgaria,BGR,1980,10.483402
Bulgaria,BGR,1990,10.858294
Bulgaria,BGR,2000,11.466509
Bulgaria,BGR,2010,11.906816
Burkina Faso,BFA,1940,27.433506
Burkina Faso,BFA,1950,27.19695
Burkina Faso,BFA,1960,27.577435
Burkina Faso,BFA,1970,27.892223
Burkina Faso,BFA,1980,28.350834
Burkina Faso,BFA,1990,28.26748
Burkina Faso,BFA,2000,28.664362
Burkina Faso,BFA,2010,28.954828
Burundi,BDI,1940,19.939167
Burundi,BDI,1950,19.718437
Burundi,BDI,1960,19.639338
Burundi,BDI,1970,19.646296
Burundi,BDI,1980,20.112867
Burundi,BDI,1990,20.319622
Burundi,BDI,2000,20.491173
Burundi,BDI,2010,20.864315
Cambodia,KHM,1940,25.786306
Cambodia,KHM,1950,26.275448
Cambodia,KHM,1960,26.376766
Cambodia,KHM,1970,26.508368
Cambodia,KHM,1980,26.91011
Cambodia,KHM,1990,27.088154
Cambodia,KHM,2000,27.338985
Cambodia,KHM,2010,27.784378
Cameroon,CMR,1940,23.831179
Cameroon,CMR,1950,23.756207
Cameroon,CMR,1960,23.991365
Cameroon,CMR,1970,23.7205
Cameroon,CMR,1980,23.98357
Cameroon,CMR,1990,24.264126
Cameroon,CMR,2000,24.488468
Cameroon,CMR,2010,24.828928
Canada,CAN,1940,-4.5013404
Canada,CAN,1950,-4.888083
Canada,CAN,1960,-4.8859005
Canada,CAN,1970,-4.9902954
Canada,CAN,1980,-4.3718634
Canada,CAN,1990,-4.1776314
Canada,CAN,2000,-3.7337222
Canada,CAN,2010,-3.3310027
Cape Verde,CPV,1940,22.551914
Cape Verde,CPV,1950,22.393755
Cape Verde,CPV,1960,22.469717
Cape Verde,CPV,1970,22.171062
Cape Verde,CPV,1980,22.49761
Cape Verde,CPV,1990,22.635107
Cape Verde,CPV,2000,22.852364
Cape Verde,CPV,2010,22.746395
Cayman Islands,CYM,1940,26.485058
Cayman Islands,CYM,1950,26.379206
Cayman Islands,CYM,1960,26.429981
Cayman Islands,CYM,1970,26.391993
Cayman Islands,CYM,1980,26.415531
Cayman Islands,CYM,1990,26.65942
Cayman Islands,CYM,2000,26.686573
Cayman Islands,CYM,2010,26.941961
Central African Republic,CAF,1940,25.370228
Central African Republic,CAF,1950,25.124933
Central African Republic,CAF,1960,25.574905
Central African Republic,CAF,1970,25.083193
Central African Republic,CAF,1980,25.30791
Central African Republic,CAF,1990,25.486904
Central African Republic,CAF,2000,25.740973
Central African Republic,CAF,2010,26.129871
Chad,TCD,1940,25.60622
Chad,TCD,1950,25.817434
Chad,TCD,1960,26.184536
Chad,TCD,1970,26.39297
Chad,TCD,1980,26.234015
Chad,TCD,1990,26.631128
Chad,TCD,2000,27.112442
Chad,TCD,2010,27.660955
Chile,CHL,1940,8.131473
Chile,CHL,1950,8.202648
Chile,CHL,1960,8.644819
Chile,CHL,1970,8.533354
Chile,CHL,1980,8.799376
Chile,CHL,1990,8.951991
Chile,CHL,2000,8.973836
Chile,CHL,2010,9.258726
China,CHN,1940,6.5953736
China,CHN,1950,6.2798743
China,CHN,1960,6.2002006
China,CHN,1970,6.2327123
China,CHN,1980,6.4008713
China,CHN,1990,6.8887634
China,CHN,2000,7.243329
China,CHN,2010,7.36175
Colombia,COL,1940,22.689487
Colombia,COL,1950,23.013205
Colombia,COL,1960,23.476137
Colombia,COL,1970,23.356165
Colombia,COL,1980,23.43871
Colombia,COL,1990,23.511103
Colombia,COL,2000,23.757778
Colombia,COL,2010,24.202518
Comoros,COM,1940,24.556097
Comoros,COM,1950,24.505089
Comoros,COM,1960,24.525274
Comoros,COM,1970,24.553762
Comoros,COM,1980,24.748037
Comoros,COM,1990,24.800604
Comoros,COM,2000,24.941677
Comoros,COM,2010,25.208845
Congo,COG,1940,24.108528
Congo,COG,1950,23.991116
Congo,COG,1960,23.983274
Congo,COG,1970,23.881264
Congo,COG,1980,24.179914
Congo,COG,1990,24.387087
Congo,COG,2000,24.634304
Congo,COG,2010,25.052778
Cook Islands,COK,1940,23.850327
Cook Islands,COK,1950,23.847466
Cook Islands,COK,1960,23.951675
Cook Islands,COK,1970,24.01841
Cook Islands,COK,1980,23.917303
Cook Islands,COK,1990,24.118
Cook Islands,COK,2000,24.356852
Cook Islands,COK,2010,24.457424
Costa Rica,CRI,1940,22.131466
Costa Rica,CRI,1950,22.5538
Costa Rica,CRI,1960,22.508892
Costa Rica,CRI,1970,22.500708
Costa Rica,CRI,1980,22.829266
Costa Rica,CRI,1990,22.808102
Costa Rica,CRI,2000,22.950226
Costa Rica,CRI,2010,23.245443
Cote d'Ivoire,CIV,1940,25.301899
Cote d'Ivoire,CIV,1950,25.230164
Cote d'Ivoire,CIV,1960,25.52047
Cote d'Ivoire,CIV,1970,25.614182
Cote d'Ivoire,CIV,1980,26.053883
Cote d'Ivoire,CIV,1990,26.050816
Cote d'Ivoire,CIV,2000,26.379963
Cote d'Ivoire,CIV,2010,26.612534
Croatia,HRV,1940,10.592341
Croatia,HRV,1950,11.203451
Croatia,HRV,1960,11.033377
Croatia,HRV,1970,11.065283
Croatia,HRV,1980,11.12345
Croatia,HRV,1990,11.569711
Croatia,HRV,2000,12.208793
Croatia,HRV,2010,12.558723
Cuba,CUB,1940,25.32922
Cuba,CUB,1950,25.075878
Cuba,CUB,1960,24.967112
Cuba,CUB,1970,24.945038
Cuba,CUB,1980,25.07311
Cuba,CUB,1990,25.419193
Cuba,CUB,2000,25.392962
Cuba,CUB,2010,25.58415
Cyprus,CYP,1940,18.571953
Cyprus,CYP,1950,18.850458
Cyprus,CYP,1960,19.021593
Cyprus,CYP,1970,18.611086
Cyprus,CYP,1980,18.608456
Cyprus,CYP,1990,19.170841
Cyprus,CYP,2000,19.752682
Cyprus,CYP,2010,20.155361
Czechia,CZE,1940,7.031085
Czechia,CZE,1950,7.3854637
Czechia,CZE,1960,7.368577
Czechia,CZE,1970,7.672995
Czechia,CZE,1980,7.618144
Czechia,CZE,1990,7.9900084
Czechia,CZE,2000,8.586776
Czechia,CZE,2010,8.980566
Democratic Republic of Congo,COD,1940,23.33709
Democratic Republic of Congo,COD,1950,23.192131
Democratic Republic of Congo,COD,1960,23.124979
Democratic Republic of Congo,COD,1970,23.189901
Democratic Republic of Congo,COD,1980,23.570736
Democratic Republic of Congo,COD,1990,23.743353
Democratic Republic of Congo,COD,2000,23.955769
Democratic Republic of Congo,COD,2010,24.46605
Denmark,DNK,1940,7.7967653
Denmark,DNK,1950,7.841649
Denmark,DNK,1960,7.56832
Denmark,DNK,1970,8.069213
Denmark,DNK,1980,7.908348
Denmark,DNK,1990,8.529048
Denmark,DNK,2000,9.079833
Denmark,DNK,2010,9.009666
Djibouti,DJI,1940,26.925156
Djibouti,DJI,1950,26.541828
Djibouti,DJI,1960,27.72367
Djibouti,DJI,1970,27.579931
Djibouti,DJI,1980,28.007486
Djibouti,DJI,1990,28.297077
Djibouti,DJI,2000,28.352535
Djibouti,DJI,2010,28.455023
Dominican Republic,DOM,1940,23.559254
Dominican Republic,DOM,1950,23.636915
Dominican Republic,DOM,1960,23.657604
Dominican Republic,DOM,1970,23.789722
Dominican Republic,DOM,1980,23.8494
Dominican Republic,DOM,1990,23.993208
Dominican Republic,DOM,2000,24.155571
Dominican Republic,DOM,2010,24.471426
East Timor,TLS,1940,23.719906
East Timor,TLS,1950,23.973911
East Timor,TLS,1960,23.886196
East Timor,TLS,1970,24.050829
East Timor,TLS,1980,24.35022
East Timor,TLS,1990,24.288303
East Timor,TLS,2000,24.389286
East Timor,TLS,2010,24.654186
Ecuador,ECU,1940,19.723778
Ecuador,ECU,1950,19.619503
Ecuador,ECU,1960,20.020588
Ecuador,ECU,1970,20.159433
Ecuador,ECU,1980,20.369028
Ecuador,ECU,1990,20.30901
Ecuador,ECU,2000,20.347622
Ecuador,ECU,2010,21.039095
Egypt,EGY,1940,21.35923
Egypt,EGY,1950,21.811926
Egypt,EGY,1960,22.073711
Egypt,EGY,1970,21.888336
Egypt,EGY,1980,22.026436
Egypt,EGY,1990,22.57678
Egypt,EGY,2000,22.986528
Egypt,EGY,2010,23.5056
El Salvador,SLV,1940,24.807003
El Salvador,SLV,1950,24.879433
El Salvador,SLV,1960,25.204397
El Salvador,SLV,1970,25.425589
El Salvador,SLV,1980,25.700771
El Salvador,SLV,1990,25.789896
El Salvador,SLV,2000,25.826336
El Salvador,SLV,2010,26.3992
Equatorial Guinea,GNQ,1940,22.643812
Equatorial Guinea,GNQ,1950,22.703163
Equatorial Guinea,GNQ,1960,22.844774
Equatorial Guinea,GNQ,1970,22.8978
Equatorial Guinea,GNQ,1980,23.189686
Equatorial Guinea,GNQ,1990,23.359262
Equatorial Guinea,GNQ,2000,23.636793
Equatorial Guinea,GNQ,2010,24.171387
Eritrea,ERI,1940,24.863499
Eritrea,ERI,1950,25.180979
Eritrea,ERI,1960,26.111069
Eritrea,ERI,1970,25.938284
Eritrea,ERI,1980,26.37402
Eritrea,ERI,1990,26.606369
Eritrea,ERI,2000,26.887018
Eritrea,ERI,2010,27.216644
Estonia,EST,1940,4.7177725
Estonia,EST,1950,4.8617506
Estonia,EST,1960,4.753705
Estonia,EST,1970,5.1587496
Estonia,EST,1980,5.3087244
Estonia,EST,1990,5.932206
Estonia,EST,2000,6.4032087
Estonia,EST,2010,6.5363016
Eswatini,SWZ,1940,19.048557
Eswatini,SWZ,1950,19.245377
Eswatini,SWZ,1960,19.354692
Eswatini,SWZ,1970,19.354467
Eswatini,SWZ,1980,19.437534
Eswatini,SWZ,1990,19.493397
Eswatini,SWZ,2000,19.611938
Eswatini,SWZ,2010,20.036505
Ethiopia,ETH,1940,21.93674
Ethiopia,ETH,1950,21.780031
Ethiopia,ETH,1960,22.288553
Ethiopia,ETH,1970,22.483534
Ethiopia,ETH,1980,22.794727
Ethiopia,ETH,1990,23.094334
Ethiopia,ETH,2000,23.300098
Ethiopia,ETH,2010,23.646511
Falkland Islands,FLK,1940,5.9075036
Falkland Islands,FLK,1950,5.9643035
Falkland Islands,FLK,1960,6.4897666
Falkland Islands,FLK,1970,6.353739
Falkland Islands,FLK,1980,6.642324
Falkland Islands,FLK,1990,6.6181765
Falkland Islands,FLK,2000,6.60578
Falkland Islands,FLK,2010,6.685015
Faroe Islands,FRO,1940,6.8079596
Faroe Islands,FRO,1950,6.7549844
Faroe Islands,FRO,1960,6.5696855
Faroe Islands,FRO,1970,6.4988604
Faroe Islands,FRO,1980,6.5137863
Faroe Islands,FRO,1990,6.7408433
Faroe Islands,FRO,2000,7.3110046
Faroe Islands,FRO,2010,7.226817
Fiji,FJI,1940,23.623955
Fiji,FJI,1950,23.90794
Fiji,FJI,1960,23.9158
Fiji,FJI,1970,24.011974
Fiji,FJI,1980,24.02769
Fiji,FJI,1990,24.023882
Fiji,FJI,2000,24.35912
Fiji,FJI,2010,24.511768
Finland,FIN,1940,1.803003
Finland,FIN,1950,1.8382288
Finland,FIN,1960,1.5389178
Finland,FIN,1970,1.8748013
Finland,FIN,1980,1.7035081
Finland,FIN,1990,2.4045105
Finland,FIN,2000,3.0306199
Finland,FIN,2010,3.1858466
France,FRA,1940,12.423977
France,FRA,1950,12.4731655
France,FRA,1960,12.40454
France,FRA,1970,12.382408
France,FRA,1980,12.608258
France,FRA,1990,13.111328
France,FRA,2000,13.434871
France,FRA,2010,13.686145
French Polynesia,PYF,1940,25.056976
French Polynesia,PYF,1950,24.975403
French Polynesia,PYF,1960,25.07199
French Polynesia,PYF,1970,24.984068
French Polynesia,PYF,1980,25.286486
French Polynesia,PYF,1990,25.37862
French Polynesia,PYF,2000,25.452341
French Polynesia,PYF,2010,25.445889
Gabon,GAB,1940,23.53666
Gabon,GAB,1950,23.563335
Gabon,GAB,1960,23.660662
Gabon,GAB,1970,23.683582
Gabon,GAB,1980,23.998392
Gabon,GAB,1990,24.158264
Gabon,GAB,2000,24.450397
Gabon,GAB,2010,24.960098
Gambia,GMB,1940,26.957195
Gambia,GMB,1950,26.617767
Gambia,GMB,1960,26.62894
Gambia,GMB,1970,27.100536
Gambia,GMB,1980,27.35263
Gambia,GMB,1990,27.613789
Gambia,GMB,2000,27.678751
Gambia,GMB,2010,27.942013
Georgia,GEO,1940,6.611721
Georgia,GEO,1950,7.198986
Georgia,GEO,1960,7.488223
Georgia,GEO,1970,7.1446967
Georgia,GEO,1980,7.3969917
Georgia,GEO,1990,7.3957734
Georgia,GEO,2000,7.8589005
Georgia,GEO,2010,8.840884
Germany,DEU,1940,8.146942
Germany,DEU,1950,8.30261
Germany,DEU,1960,8.316903
Germany,DEU,1970,8.466089
Germany,DEU,1980,8.347002
Germany,DEU,1990,8.902532
Germany,DEU,2000,9.494944
Germany,DEU,2010,9.6833935
Ghana,GHA,1940,26.38327
Ghana,GHA,1950,26.202282
Ghana,GHA,1960,26.433233
Ghana,GHA,1970,26.551636
Ghana,GHA,1980,27.017986
Ghana,GHA,1990,26.983017
Ghana,GHA,2000,27.34052
Ghana,GHA,2010,27.71268
Greece,GRC,1940,13.986224
Greece,GRC,1950,14.557756
Greece,GRC,1960,14.460012
Greece,GRC,1970,14.226797
Greece,GRC,1980,14.279698
Greece,GRC,1990,14.469055
Greece,GRC,2000,14.88475
Greece,GRC,2010,15.415324
Greenland,GRL,1940,-19.639057
Greenland,GRL,1950,-19.354403
Greenland,GRL,1960,-19.114428
Greenland,GRL,1970,-19.247185
Greenland,GRL,1980,-19.26945
Greenland,GRL,1990,-19.045118
Greenland,GRL,2000,-18.169666
Greenland,GRL,2010,-17.856318
Guatemala,GTM,1940,21.5246
Guatemala,GTM,1950,21.564734
Guatemala,GTM,1960,21.77211
Guatemala,GTM,1970,22.038292
Guatemala,GTM,1980,22.174137
Guatemala,GTM,1990,22.558674
Guatemala,GTM,2000,22.749111
Guatemala,GTM,2010,23.357002
Guinea,GIN,1940,24.872547
Guinea,GIN,1950,24.83437
Guinea,GIN,1960,25.231653
Guinea,GIN,1970,25.352205
Guinea,GIN,1980,25.678024
Guinea,GIN,1990,25.72735
Guinea,GIN,2000,25.94865
Guinea,GIN,2010,26.079594
Guinea-Bissau,GNB,1940,26.641504
Guinea-Bissau,GNB,1950,26.468693
Guinea-Bissau,GNB,1960,26.710052
Guinea-Bissau,GNB,1970,26.810192
Guinea-Bissau,GNB,1980,27.130457
Guinea-Bissau,GNB,1990,27.494144
Guinea-Bissau,GNB,2000,27.557419
Guinea-Bissau,GNB,2010,27.527729
Guyana,GUY,1940,24.405487
Guyana,GUY,1950,24.517157
Guyana,GUY,1960,24.841969
Guyana,GUY,1970,24.50893
Guyana,GUY,1980,24.810917
Guyana,GUY,1990,25.15878
Guyana,GUY,2000,25.20921
Guyana,GUY,2010,25.420757
Haiti,HTI,1940,24.387411
Haiti,HTI,1950,24.310001
Haiti,HTI,1960,24.324863
Haiti,HTI,1970,24.259052
Haiti,HTI,1980,24.616327
Haiti,HTI,1990,24.780766
Haiti,HTI,2000,24.888855
Haiti,HTI,2010,25.2642
Heard Island and McDonald Islands,HMD,1940,0.91254884
Heard Island and McDonald Islands,HMD,1950,1.1688197
Heard Island and McDonald Islands,HMD,1960,1.3128405
Heard Island and McDonald Islands,HMD,1970,1.3246429
Heard Island and McDonald Islands,HMD,1980,1.5551946
Heard Island and McDonald Islands,HMD,1990,1.4933407
Heard Island and McDonald Islands,HMD,2000,1.517268
Heard Island and McDonald Islands,HMD,2010,1.7958517
Honduras,HND,1940,22.037174
Honduras,HND,1950,22.476484
Honduras,HND,1960,22.747145
Honduras,HND,1970,22.948935
Honduras,HND,1980,23.129374
Honduras,HND,1990,23.310772
Honduras,HND,2000,23.35178
Honduras,HND,2010,23.747957
Hong Kong,HKG,1940,22.149273
Hong Kong,HKG,1950,22.474884
Hong Kong,HKG,1960,22.555202
Hong Kong,HKG,1970,22.505901
Hong Kong,HKG,1980,22.545689
Hong Kong,HKG,1990,22.977806
Hong Kong,HKG,2000,23.260347
Hong Kong,HKG,2010,23.278769
Hungary,HUN,1940,10.282434
Hungary,HUN,1950,10.6329565
Hungary,HUN,1960,10.590891
Hungary,HUN,1970,10.490409
Hungary,HUN,1980,10.318502
Hungary,HUN,1990,10.716726
Hungary,HUN,2000,11.312969
Hungary,HUN,2010,11.791639
Iceland,ISL,1940,-0.4482979
Iceland,ISL,1950,0.46773744
Iceland,ISL,1960,-0.756188
Iceland,ISL,1970,-0.12537512
Iceland,ISL,1980,0.6816885
Iceland,ISL,1990,1.148073
Iceland,ISL,2000,2.0276706
Iceland,ISL,2010,2.2126455
India,IND,1940,23.502508
India,IND,1950,23.34949
India,IND,1960,23.716913
India,IND,1970,23.790339
India,IND,1980,23.891298
India,IND,1990,23.871288
India,IND,2000,24.197107
India,IND,2010,24.377048
Indonesia,IDN,1940,23.892529
Indonesia,IDN,1950,24.101208
Indonesia,IDN,1960,24.129719
Indonesia,IDN,1970,24.290768
Indonesia,IDN,1980,24.633034
Indonesia,IDN,1990,24.82959
Indonesia,IDN,2000,25.050903
Indonesia,IDN,2010,25.4015
Iran,IRN,1940,17.14159
Iran,IRN,1950,16.752666
Iran,IRN,1960,16.980976
Iran,IRN,1970,17.105137
Iran,IRN,1980,16.911081
Iran,IRN,1990,17.609703
Iran,IRN,2000,18.46933
Iran,IRN,2010,18.859098
Iraq,IRQ,1940,21.84264
Iraq,IRQ,1950,21.37613
Iraq,IRQ,1960,21.646364
Iraq,IRQ,1970,21.557978
Iraq,IRQ,1980,21.813072
Iraq,IRQ,1990,22.455776
Iraq,IRQ,2000,23.064302
Iraq,IRQ,2010,23.456324
Ireland,IRL,1940,9.838412
Ireland,IRL,1950,9.728818
Ireland,IRL,1960,9.233447
Ireland,IRL,1970,9.503621
Ireland,IRL,1980,9.526469
Ireland,IRL,1990,9.843791
Ireland,IRL,2000,9.983613
Ireland,IRL,2010,9.788342
Isle of Man,IMN,1940,9.88164
Isle of Man,IMN,1950,9.809835
Isle of Man,IMN,1960,9.645197
Isle of Man,IMN,1970,9.706219
Isle of Man,IMN,1980,9.648359
Isle of Man,IMN,1990,10.192446
Isle of Man,IMN,2000,10.486701
Isle of Man,IMN,2010,10.282456
Israel,ISR,1940,19.125696
Israel,ISR,1950,19.219479
Israel,ISR,1960,19.537106
Israel,ISR,1970,19.345856
Israel,ISR,1980,19.179058
Israel,ISR,1990,19.689142
Israel,ISR,2000,20.193336
Israel,ISR,2010,20.83026
Italy,ITA,1940,11.708029
Italy,ITA,1950,12.189842
Italy,ITA,1960,12.063603
Italy,ITA,1970,11.939321
Italy,ITA,1980,12.100309
Italy,ITA,1990,12.643736
Italy,ITA,2000,13.09715
Italy,ITA,2010,13.447202
Jamaica,JAM,1940,24.761604
Jamaica,JAM,1950,24.591457
Jamaica,JAM,1960,24.780893
Jamaica,JAM,1970,24.835728
Jamaica,JAM,1980,25.321268
Jamaica,JAM,1990,25.395819
Jamaica,JAM,2000,25.56775
Jamaica,JAM,2010,25.967783
Japan,JPN,1940,10.162121
Japan,JPN,1950,10.932274
Japan,JPN,1960,11.031546
Japan,JPN,1970,11.169571
Japan,JPN,1980,11.089475
Japan,JPN,1990,11.827503
Japan,JPN,2000,11.955277
Japan,JPN,2010,12.204264
Jordan,JOR,1940,18.1521
Jordan,JOR,1950,18.19856
Jordan,JOR,1960,18.493052
Jordan,JOR,1970,18.414469
Jordan,JOR,1980,18.387602
Jordan,JOR,1990,18.803051
Jordan,JOR,2000,19.214289
Jordan,JOR,2010,19.947834
Kazakhstan,KAZ,1940,6.713305
Kazakhstan,KAZ,1950,5.3859878
Kazakhstan,KAZ,1960,5.7690516
Kazakhstan,KAZ,1970,5.810506
Kazakhstan,KAZ,1980,6.2523203
Kazakhstan,KAZ,1990,6.4017653
Kazakhstan,KAZ,2000,7.2731857
Kazakhstan,KAZ,2010,7.127945
Kenya,KEN,1940,24.299526
Kenya,KEN,1950,23.841896
Kenya,KEN,1960,24.159763
Kenya,KEN,1970,24.405642
Kenya,KEN,1980,24.746418
Kenya,KEN,1990,24.81868
Kenya,KEN,2000,25.280264
Kenya,KEN,2010,25.505318
Kiribati,KIR,1940,26.079834
Kiribati,KIR,1950,26.04276
Kiribati,KIR,1960,26.21883
Kiribati,KIR,1970,25.919027
Kiribati,KIR,1980,26.148718
Kiribati,KIR,1990,26.41232
Kiribati,KIR,2000,26.415577
Kiribati,KIR,2010,26.529398
Kosovo,OWID_KOS,1940,8.866235
Kosovo,OWID_KOS,1950,9.678328
Kosovo,OWID_KOS,1960,9.55208
Kosovo,OWID_KOS,1970,9.601208
Kosovo,OWID_KOS,1980,9.750998
Kosovo,OWID_KOS,1990,10.081923
Kosovo,OWID_KOS,2000,10.563216
Kosovo,OWID_KOS,2010,11.291068
Kuwait,KWT,1940,25.244083
Kuwait,KWT,1950,24.621714
Kuwait,KWT,1960,24.986624
Kuwait,KWT,1970,24.750172
Kuwait,KWT,1980,25.424637
Kuwait,KWT,1990,25.648975
Kuwait,KWT,2000,26.217045
Kuwait,KWT,2010,26.68269
Kyrgyzstan,KGZ,1940,0.19121096
Kyrgyzstan,KGZ,1950,-0.27336726
Kyrgyzstan,KGZ,1960,-0.27450356
Kyrgyzstan,KGZ,1970,-0.20744899
Kyrgyzstan,KGZ,1980,-0.119335786
Kyrgyzstan,KGZ,1990,0.15099314
Kyrgyzstan,KGZ,2000,0.5639973
Kyrgyzstan,KGZ,2010,0.5983822
Laos,LAO,1940,21.91618
Laos,LAO,1950,22.299381
Laos,LAO,1960,22.318699
Laos,LAO,1970,22.307629
Laos,LAO,1980,22.673529
Laos,LAO,1990,22.809954
Laos,LAO,2000,22.967
Laos,LAO,2010,23.433765
Latvia,LVA,1940,5.135715
Latvia,LVA,1950,5.372068
Latvia,LVA,1960,5.2805033
Latvia,LVA,1970,5.649123
Latvia,LVA,1980,5.7579656
Latvia,LVA,1990,6.371258
Latvia,LVA,2000,6.8188276
Latvia,LVA,2010,6.9834137
Lebanon,LBN,1940,14.509781
Lebanon,LBN,1950,14.705893
Lebanon,LBN,1960,14.915529
Lebanon,LBN,1970,14.423975
Lebanon,LBN,1980,14.435385
Lebanon,LBN,1990,15.00239
Lebanon,LBN,2000,15.477171
Lebanon,LBN,2010,16.11377
Lesotho,LSO,1940,10.299097
Lesotho,LSO,1950,10.581219
Lesotho,LSO,1960,10.504698
Lesotho,LSO,1970,10.483481
Lesotho,LSO,1980,10.959219
Lesotho,LSO,1990,10.861368
Lesotho,LSO,2000,11.157717
Lesotho,LSO,2010,11.841643
Liberia,LBR,1940,24.206457
Liberia,LBR,1950,24.22192
Liberia,LBR,1960,24.506802
Liberia,LBR,1970,24.698837
Liberia,LBR,1980,25.004698
Liberia,LBR,1990,24.861145
Liberia,LBR,2000,24.983639
Liberia,LBR,2010,25.258518
Libya,LBY,1940,20.428957
Libya,LBY,1950,20.973083
Libya,LBY,1960,21.272188
Libya,LBY,1970,21.351805
Libya,LBY,1980,21.554163
Libya,LBY,1990,21.95763
Libya,LBY,2000,22.330585
Libya,LBY,2010,22.760487
Lithuania,LTU,1940,5.682884
Lithuania,LTU,1950,6.034784
Lithuania,LTU,1960,5.9217
Lithuania,LTU,1970,6.2277308
Lithuania,LTU,1980,6.2505345
Lithuania,LTU,1990,6.9079947
Lithuania,LTU,2000,7.357821
Lithuania,LTU,2010,7.609479
Luxembourg,LUX,1940,8.589777
Luxembourg,LUX,1950,8.611586
Luxembourg,LUX,1960,8.628363
Luxembourg,LUX,1970,8.543381
Luxembourg,LUX,1980,8.473488
Luxembourg,LUX,1990,9.183059
Luxembourg,LUX,2000,9.695127
Luxembourg,LUX,2010,9.763402
Madagascar,MDG,1940,21.673336
Madagascar,MDG,1950,21.632418
Madagascar,MDG,1960,21.679602
Madagascar,MDG,1970,21.975063
Madagascar,MDG,1980,22.151657
Madagascar,MDG,1990,22.330677
Madagascar,MDG,2000,22.621716
Madagascar,MDG,2010,22.88546
Malawi,MWI,1940,21.614414
Malawi,MWI,1950,21.456165
Malawi,MWI,1960,21.447598
Malawi,MWI,1970,21.511562
Malawi,MWI,1980,21.721203
Malawi,MWI,1990,22.097254
Malawi,MWI,2000,21.923351
Malawi,MWI,2010,22.382809
Malaysia,MYS,1940,23.99581
Malaysia,MYS,1950,24.45654
Malaysia,MYS,1960,24.523014
Malaysia,MYS,1970,24.727896
Malaysia,MYS,1980,25.03713
Malaysia,MYS,1990,25.26041
Malaysia,MYS,2000,25.4669
Malaysia,MYS,2010,25.793453
Mali,MLI,1940,27.020624
Mali,MLI,1950,27.079147
Mali,MLI,1960,27.585602
Mali,MLI,1970,27.679386
Mali,MLI,1980,28.144653
Mali,MLI,1990,28.273626
Mali,MLI,2000,28.746235
Mali,MLI,2010,28.962574
Mauritania,MRT,1940,26.061945
Mauritania,MRT,1950,26.027294
Mauritania,MRT,1960,26.474075
Mauritania,MRT,1970,26.52645
Mauritania,MRT,1980,27.14273
Mauritania,MRT,1990,27.147663
Mauritania,MRT,2000,27.576279
Mauritania,MRT,2010,27.809519
Mauritius,MUS,1940,23.07817
Mauritius,MUS,1950,23.013905
Mauritius,MUS,1960,23.06572
Mauritius,MUS,1970,23.41104
Mauritius,MUS,1980,23.286995
Mauritius,MUS,1990,23.108051
Mauritius,MUS,2000,23.563267
Mauritius,MUS,2010,23.899773
Mexico,MEX,1940,19.441563
Mexico,MEX,1950,20.058979
Mexico,MEX,1960,19.84055
Mexico,MEX,1970,19.890186
Mexico,MEX,1980,20.14563
Mexico,MEX,1990,20.573906
Mexico,MEX,2000,20.800377
Mexico,MEX,2010,21.074757
Moldova,MDA,1940,9.21539
Moldova,MDA,1950,9.132772
Moldova,MDA,1960,9.285338
Moldova,MDA,1970,9.32576
Moldova,MDA,1980,9.1187
Moldova,MDA,1990,9.771644
Moldova,MDA,2000,10.529056
Moldova,MDA,2010,11.029349
Mongolia,MNG,1940,1.2380817
Mongolia,MNG,1950,0.5685306
Mongolia,MNG,1960,0.35909596
Mongolia,MNG,1970,0.3674343
Mongolia,MNG,1980,0.47147304
Mongolia,MNG,1990,1.2461942
Mongolia,MNG,2000,1.5599396
Mongolia,MNG,2010,1.4575655
Montenegro,MNE,1940,8.086515
Montenegro,MNE,1950,8.86215
Montenegro,MNE,1960,8.705328
Montenegro,MNE,1970,8.680062
Montenegro,MNE,1980,8.804985
Montenegro,MNE,1990,9.05469
Montenegro,MNE,2000,9.580021
Montenegro,MNE,2010,10.310011
Morocco,MAR,1940,17.255808
Morocco,MAR,1950,16.988544
Morocco,MAR,1960,17.360773
Morocco,MAR,1970,16.980562
Morocco,MAR,1980,17.912706
Morocco,MAR,1990,17.943918
Morocco,MAR,2000,18.501694
Morocco,MAR,2010,18.766783
Mozambique,MOZ,1940,23.53601
Mozambique,MOZ,1950,23.437096
Mozambique,MOZ,1960,23.300333
Mozambique,MOZ,1970,23.264698
Mozambique,MOZ,1980,23.448263
Mozambique,MOZ,1990,23.749464
Mozambique,MOZ,2000,23.823215
Mozambique,MOZ,2010,24.104532
Myanmar,MMR,1940,22.179356
Myanmar,MMR,1950,22.601402
Myanmar,MMR,1960,22.815063
Myanmar,MMR,1970,22.928158
Myanmar,MMR,1980,23.17838
Myanmar,MMR,1990,23.42097
Myanmar,MMR,2000,23.547213
Myanmar,MMR,2010,23.857054
Namibia,NAM,1940,20.826262
Namibia,NAM,1950,20.487896
Namibia,NAM,1960,20.572847
Namibia,NAM,1970,20.419453
Namibia,NAM,1980,21.033072
Namibia,NAM,1990,21.331272
Namibia,NAM,2000,21.30289
Namibia,NAM,2010,21.828032
Nepal,NPL,1940,11.942984
Nepal,NPL,1950,12.088015
Nepal,NPL,1960,12.38545
Nepal,NPL,1970,12.736993
Nepal,NPL,1980,12.733487
Nepal,NPL,1990,12.979933
Nepal,NPL,2000,13.200752
Nepal,NPL,2010,13.33032
Netherlands,NLD,1940,9.447199
Netherlands,NLD,1950,9.370276
Netherlands,NLD,1960,9.353266
Netherlands,NLD,1970,9.56061
Netherlands,NLD,1980,9.503975
Netherlands,NLD,1990,10.068013
Netherlands,NLD,2000,10.647316
Netherlands,NLD,2010,10.597258
New Caledonia,NCL,1940,21.413395
New Caledonia,NCL,1950,21.982286
New Caledonia,NCL,1960,21.50563
New Caledonia,NCL,1970,22.005533
New Caledonia,NCL,1980,22.331442
New Caledonia,NCL,1990,22.430655
New Caledonia,NCL,2000,22.485022
New Caledonia,NCL,2010,22.611755
New Zealand,NZL,1940,8.898234
New Zealand,NZL,1950,9.630403
New Zealand,NZL,1960,9.608724
New Zealand,NZL,1970,10.212029
New Zealand,NZL,1980,10.30562
New Zealand,NZL,1990,10.089505
New Zealand,NZL,2000,10.24806
New Zealand,NZL,2010,10.717733
Nicaragua,NIC,1940,24.214466
Nicaragua,NIC,1950,24.68146
Nicaragua,NIC,1960,24.876972
Nicaragua,NIC,1970,24.851816
Nicaragua,NIC,1980,25.044155
Nicaragua,NIC,1990,25.150188
Nicaragua,NIC,2000,25.315744
Nicaragua,NIC,2010,25.591318
Niger,NER,1940,25.308582
Niger,NER,1950,25.763464
Niger,NER,1960,26.297886
Niger,NER,1970,26.625706
Niger,NER,1980,26.690273
Niger,NER,1990,26.990637
Niger,NER,2000,27.430735
Niger,NER,2010,27.960056
Nigeria,NGA,1940,26.12894
Nigeria,NGA,1950,25.969818
Nigeria,NGA,1960,26.485104
Nigeria,NGA,1970,26.439968
Nigeria,NGA,1980,26.71551
Nigeria,NGA,1990,26.790035
Nigeria,NGA,2000,27.080608
Nigeria,NGA,2010,27.295017
North Korea,PRK,1940,5.4141655
North Korea,PRK,1950,5.7799387
North Korea,PRK,1960,6.14033
North Korea,PRK,1970,6.235653
North Korea,PRK,1980,6.3055205
North Korea,PRK,1990,7.005227
North Korea,PRK,2000,7.166583
North Korea,PRK,2010,7.283699
North Macedonia,MKD,1940,9.538831
North Macedonia,MKD,1950,10.376188
North Macedonia,MKD,1960,10.222784
North Macedonia,MKD,1970,10.113854
North Macedonia,MKD,1980,10.240418
North Macedonia,MKD,1990,10.538089
North Macedonia,MKD,2000,11.000339
North Macedonia,MKD,2010,11.701979
Norway,NOR,1940,-1.6970011
Norway,NOR,1950,-1.096265
Norway,NOR,1960,-1.860837
Norway,NOR,1970,-0.57667243
Norway,NOR,1980,-0.50840986
Norway,NOR,1990,0.25962645
Norway,NOR,2000,1.0633605
Norway,NOR,2010,1.209649
Oman,OMN,1940,26.965103
Oman,OMN,1950,26.86919
Oman,OMN,1960,26.868683
Oman,OMN,1970,27.00286
Oman,OMN,1980,27.469364
Oman,OMN,1990,27.727238
Oman,OMN,2000,27.837887
Oman,OMN,2010,28.078476
Pakistan,PAK,1940,20.214596
Pakistan,PAK,1950,19.643005
Pakistan,PAK,1960,19.710043
Pakistan,PAK,1970,19.809265
Pakistan,PAK,1980,19.980251
Pakistan,PAK,1990,19.973194
Pakistan,PAK,2000,20.654444
Pakistan,PAK,2010,20.65483
Palestine,PSE,1940,19.298038
Palestine,PSE,1950,19.365393
Palestine,PSE,1960,19.602932
Palestine,PSE,1970,19.29081
Palestine,PSE,1980,19.105715
Palestine,PSE,1990,19.644619
Palestine,PSE,2000,20.2345
Palestine,PSE,2010,20.820864
Panama,PAN,1940,23.75095
Panama,PAN,1950,24.36077
Panama,PAN,1960,24.340557
Panama,PAN,1970,24.333677
Panama,PAN,1980,24.425936
Panama,PAN,1990,24.549475
Panama,PAN,2000,24.823511
Panama,PAN,2010,25.24364
Papua New Guinea,PNG,1940,22.316422
Papua New Guinea,PNG,1950,22.772781
Papua New Guinea,PNG,1960,22.52277
Papua New Guinea,PNG,1970,22.786821
Papua New Guinea,PNG,1980,23.098866
Papua New Guinea,PNG,1990,23.27718
Papua New Guinea,PNG,2000,23.436758
Papua New Guinea,PNG,2010,23.652632
Paraguay,PRY,1940,23.278719
Paraguay,PRY,1950,22.842945
Paraguay,PRY,1960,23.388075
Paraguay,PRY,1970,23.318188
Paraguay,PRY,1980,23.233639
Paraguay,PRY,1990,23.53075
Paraguay,PRY,2000,23.938923
Paraguay,PRY,2010,24.079714
Peru,PER,1940,17.697071
Peru,PER,1950,17.742525
Peru,PER,1960,18.160826
Peru,PER,1970,18.106897
Peru,PER,1980,18.369377
Peru,PER,1990,18.620424
Peru,PER,2000,18.69392
Peru,PER,2010,18.981049
Philippines,PHL,1940,24.413235
Philippines,PHL,1950,25.163204
Philippines,PHL,1960,25.057428
Philippines,PHL,1970,25.338633
Philippines,PHL,1980,25.533295
Philippines,PHL,1990,25.644482
Philippines,PHL,2000,25.872112
Philippines,PHL,2010,26.156918
Poland,POL,1940,7.1831827
Poland,POL,1950,7.5615463
Poland,POL,1960,7.536219
Poland,POL,1970,7.7329345
Poland,POL,1980,7.7267556
Poland,POL,1990,8.218277
Poland,POL,2000,8.80923
Poland,POL,2010,9.129764
Portugal,PRT,1940,14.988546
Portugal,PRT,1950,14.629248
Portugal,PRT,1960,14.739261
Portugal,PRT,1970,14.091321
Portugal,PRT,1980,14.961395
Portugal,PRT,1990,15.244693
Portugal,PRT,2000,15.271246
Portugal,PRT,2010,15.457403
Puerto Rico,PRI,1940,24.35506
Puerto Rico,PRI,1950,24.579718
Puerto Rico,PRI,1960,24.758953
Puerto Rico,PRI,1970,24.959913
Puerto Rico,PRI,1980,24.952923
Puerto Rico,PRI,1990,25.035374
Puerto Rico,PRI,2000,25.204979
Puerto Rico,PRI,2010,25.434956
Qatar,QAT,1940,26.373072
Qatar,QAT,1950,26.507477
Qatar,QAT,1960,26.493479
Qatar,QAT,1970,26.291437
Qatar,QAT,1980,26.520172
Qatar,QAT,1990,26.867588
Qatar,QAT,2000,27.61359
Qatar,QAT,2010,27.840199
Romania,ROU,1940,8.765942
Romania,ROU,1950,8.969385
Romania,ROU,1960,9.146043
Romania,ROU,1970,9.0258665
Romania,ROU,1980,8.950012
Romania,ROU,1990,9.350084
Romania,ROU,2000,10.01491
Romania,ROU,2010,10.506855
Russia,RUS,1940,-4.6842384
Russia,RUS,1950,-4.9069724
Russia,RUS,1960,-5.013484
Russia,RUS,1970,-4.8890586
Russia,RUS,1980,-4.4259295
Russia,RUS,1990,-4.0894866
Russia,RUS,2000,-3.6105373
Russia,RUS,2010,-3.1009653
Rwanda,RWA,1940,18.789606
Rwanda,RWA,1950,18.483356
Rwanda,RWA,1960,18.346148
Rwanda,RWA,1970,18.402828
Rwanda,RWA,1980,18.96521
Rwanda,RWA,1990,19.088932
Rwanda,RWA,2000,19.28834
Rwanda,RWA,2010,19.729239
Saint Helena,SHN,1940,21.052214
Saint Helena,SHN,1950,20.84473
Saint Helena,SHN,1960,21.096127
Saint Helena,SHN,1970,21.133968
Saint Helena,SHN,1980,21.324173
Saint Helena,SHN,1990,21.23758
Saint Helena,SHN,2000,21.35301
Saint Helena,SHN,2010,21.476273
Saint Vincent and the Grenadines,VCT,1940,25.94313
Saint Vincent and the Grenadines,VCT,1950,25.962292
Saint Vincent and the Grenadines,VCT,1960,26.075861
Saint Vincent and the Grenadines,VCT,1970,25.939259
Saint Vincent and the Grenadines,VCT,1980,26.007263
Saint Vincent and the Grenadines,VCT,1990,26.22565
Saint Vincent and the Grenadines,VCT,2000,26.401236
Saint Vincent and the Grenadines,VCT,2010,26.532293
Samoa,WSM,1940,24.862959
Samoa,WSM,1950,24.847996
Samoa,WSM,1960,24.955217
Samoa,WSM,1970,24.88559
Samoa,WSM,1980,24.970821
Samoa,WSM,1990,25.142174
Samoa,WSM,2000,25.24137
Samoa,WSM,2010,25.395306
Sao Tome and Principe,STP,1940,24.922346
Sao Tome and Principe,STP,1950,24.832077
Sao Tome and Principe,STP,1960,25.148014
Sao Tome and Principe,STP,1970,25.035784
Sao Tome and Principe,STP,1980,25.388243
Sao Tome and Principe,STP,1990,25.592308
Sao Tome and Principe,STP,2000,25.592121
Sao Tome and Principe,STP,2010,25.640163
Saudi Arabia,SAU,1940,23.90264
Saudi Arabia,SAU,1950,24.031256
Saudi Arabia,SAU,1960,24.27311
Saudi Arabia,SAU,1970,24.447498
Saudi Arabia,SAU,1980,24.912344
Saudi Arabia,SAU,1990,25.35607
Saudi Arabia,SAU,2000,25.983622
Saudi Arabia,SAU,2010,26.516712
Senegal,SEN,1940,27.648798
Senegal,SEN,1950,27.337128
Senegal,SEN,1960,27.479528
Senegal,SEN,1970,27.941494
Senegal,SEN,1980,28.361938
Senegal,SEN,1990,28.57554
Senegal,SEN,2000,28.685171
Senegal,SEN,2010,28.886295
Serbia,SRB,1940,9.855458
Serbia,SRB,1950,10.402141
Serbia,SRB,1960,10.302889
Serbia,SRB,1970,10.197615
Serbia,SRB,1980,10.266539
Serbia,SRB,1990,10.600134
Serbia,SRB,2000,11.193878
Serbia,SRB,2010,11.6519
Seychelles,SYC,1940,25.912409
Seychelles,SYC,1950,25.903126
Seychelles,SYC,1960,26.051533
Seychelles,SYC,1970,26.04837
Seychelles,SYC,1980,26.200008
Seychelles,SYC,1990,26.33205
Seychelles,SYC,2000,26.37062
Seychelles,SYC,2010,26.560205
Sierra Leone,SLE,1940,24.851812
Sierra Leone,SLE,1950,24.843342
Sierra Leone,SLE,1960,25.200947
Sierra Leone,SLE,1970,25.37929
Sierra Leone,SLE,1980,25.630991
Sierra Leone,SLE,1990,25.53034
Sierra Leone,SLE,2000,25.672977
Sierra Leone,SLE,2010,25.883114
Slovakia,SVK,1940,6.8848658
Slovakia,SVK,1950,7.411892
Slovakia,SVK,1960,7.422845
Slovakia,SVK,1970,7.607998
Slovakia,SVK,1980,7.5467086
Slovakia,SVK,1990,8.017218
Slovakia,SVK,2000,8.648619
Slovakia,SVK,2010,9.202675
Slovenia,SVN,1940,8.3538265
Slovenia,SVN,1950,9.003397
Slovenia,SVN,1960,8.822199
Slovenia,SVN,1970,8.913399
Slovenia,SVN,1980,8.936154
Slovenia,SVN,1990,9.626803
Slovenia,SVN,2000,10.16873
Slovenia,SVN,2010,10.666745
Solomon Islands,SLB,1940,25.404947
Solomon Islands,SLB,1950,25.710535
Solomon Islands,SLB,1960,25.523472
Solomon Islands,SLB,1970,25.670609
Solomon Islands,SLB,1980,25.737545
Solomon Islands,SLB,1990,25.79748
Solomon Islands,SLB,2000,25.955576
Solomon Islands,SLB,2010,26.32575
Somalia,SOM,1940,25.875357
Somalia,SOM,1950,25.688334
Somalia,SOM,1960,25.900814
Somalia,SOM,1970,26.10336
Somalia,SOM,1980,26.26807
Somalia,SOM,1990,26.357193
Somalia,SOM,2000,26.52097
Somalia,SOM,2010,26.707378
South Africa,ZAF,1940,17.134197
South Africa,ZAF,1950,17.192423
South Africa,ZAF,1960,17.214817
South Africa,ZAF,1970,17.121223
South Africa,ZAF,1980,17.594944
South Africa,ZAF,1990,17.636557
South Africa,ZAF,2000,17.780743
South Africa,ZAF,2010,18.252293
South Georgia and the South Sandwich Islands,SGS,1940,-1.548959
South Georgia and the South Sandwich Islands,SGS,1950,-1.3421284
South Georgia and the South Sandwich Islands,SGS,1960,-1.4269315
South Georgia and the South Sandwich Islands,SGS,1970,-1.0726081
South Georgia and the South Sandwich Islands,SGS,1980,-0.83056766
South Georgia and the South Sandwich Islands,SGS,1990,-0.7867262
South Georgia and the South Sandwich Islands,SGS,2000,-0.830785
South Georgia and the South Sandwich Islands,SGS,2010,-0.47851261
South Korea,KOR,1940,10.751062
South Korea,KOR,1950,11.458818
South Korea,KOR,1960,11.565525
South Korea,KOR,1970,11.648875
South Korea,KOR,1980,11.499689
South Korea,KOR,1990,12.21706
South Korea,KOR,2000,12.428922
South Korea,KOR,2010,12.579083
South Sudan,SSD,1940,26.296627
South Sudan,SSD,1950,25.847992
South Sudan,SSD,1960,26.579586
South Sudan,SSD,1970,26.395306
South Sudan,SSD,1980,26.860592
South Sudan,SSD,1990,27.216263
South Sudan,SSD,2000,27.76896
South Sudan,SSD,2010,28.212656
Spain,ESP,1940,13.009776
Spain,ESP,1950,12.872744
Spain,ESP,1960,12.953382
Spain,ESP,1970,12.704945
Spain,ESP,1980,13.520838
Spain,ESP,1990,13.9086075
Spain,ESP,2000,14.151677
Spain,ESP,2010,14.421887
Sri Lanka,LKA,1940,25.467712
Sri Lanka,LKA,1950,25.91189
Sri Lanka,LKA,1960,25.761038
Sri Lanka,LKA,1970,26.158594
Sri Lanka,LKA,1980,26.435108
Sri Lanka,LKA,1990,26.475525
Sri Lanka,LKA,2000,26.52503
Sri Lanka,LKA,2010,26.690546
Sudan,SDN,1940,25.201748
Sudan,SDN,1950,25.721836
Sudan,SDN,1960,26.193146
Sudan,SDN,1970,26.131649
Sudan,SDN,1980,26.342001
Sudan,SDN,1990,26.725195
Sudan,SDN,2000,27.23411
Sudan,SDN,2010,27.596577
Suriname,SUR,1940,25.17956
Suriname,SUR,1950,25.18871
Suriname,SUR,1960,25.374475
Suriname,SUR,1970,25.070305
Suriname,SUR,1980,25.53519
Suriname,SUR,1990,25.88771
Suriname,SUR,2000,25.82454
Suriname,SUR,2010,26.062351
Sweden,SWE,1940,2.5515404
Sweden,SWE,1950,2.7765899
Sweden,SWE,1960,2.2478752
Sweden,SWE,1970,2.8259342
Sweden,SWE,1980,2.686903
Sweden,SWE,1990,3.4481506
Sweden,SWE,2000,3.9423256
Sweden,SWE,2010,3.883588
Switzerland,CHE,1940,3.8481643
Switzerland,CHE,1950,4.2887444
Switzerland,CHE,1960,4.1735125
Switzerland,CHE,1970,4.2294784
Switzerland,CHE,1980,4.487241
Switzerland,CHE,1990,5.080374
Switzerland,CHE,2000,5.5545278
Switzerland,CHE,2010,5.967601
Syria,SYR,1940,17.898996
Syria,SYR,1950,18.12255
Syria,SYR,1960,18.148376
Syria,SYR,1970,17.773268
Syria,SYR,1980,17.766119
Syria,SYR,1990,18.269377
Syria,SYR,2000,18.796778
Syria,SYR,2010,19.668468
Tajikistan,TJK,1940,-0.40622872
Tajikistan,TJK,1950,-0.90737265
Tajikistan,TJK,1960,-1.0481408
Tajikistan,TJK,1970,-0.7124941
Tajikistan,TJK,1980,-0.5820662
Tajikistan,TJK,1990,-0.49532166
Tajikistan,TJK,2000,-0.07373153
Tajikistan,TJK,2010,0.33515888
Tanzania,TZA,1940,22.157246
Tanzania,TZA,1950,21.814241
Tanzania,TZA,1960,21.888369
Tanzania,TZA,1970,21.969608
Tanzania,TZA,1980,22.235544
Tanzania,TZA,1990,22.532085
Tanzania,TZA,2000,22.740385
Tanzania,TZA,2010,23.067514
Thailand,THA,1940,24.953022
Thailand,THA,1950,25.305952
Thailand,THA,1960,25.489817
Thailand,THA,1970,25.595652
Thailand,THA,1980,25.947912
Thailand,THA,1990,26.173288
Thailand,THA,2000,26.277964
Thailand,THA,2010,26.588795
Togo,TGO,1940,25.82272
Togo,TGO,1950,25.701242
Togo,TGO,1960,25.970387
Togo,TGO,1970,26.082159
Togo,TGO,1980,26.642773
Togo,TGO,1990,26.61886
Togo,TGO,2000,26.852474
Togo,TGO,2010,27.226206
Trinidad and Tobago,TTO,1940,25.349056
Trinidad and Tobago,TTO,1950,25.45655
Trinidad and Tobago,TTO,1960,25.66164
Trinidad and Tobago,TTO,1970,25.560545
Trinidad and Tobago,TTO,1980,25.66008
Trinidad and Tobago,TTO,1990,25.93295
Trinidad and Tobago,TTO,2000,26.16338
Trinidad and Tobago,TTO,2010,26.416134
Tunisia,TUN,1940,18.447992
Tunisia,TUN,1950,18.47417
Tunisia,TUN,1960,18.78815
Tunisia,TUN,1970,18.69656
Tunisia,TUN,1980,19.460957
Tunisia,TUN,1990,19.816153
Tunisia,TUN,2000,20.363008
Tunisia,TUN,2010,20.532343
Turkey,TUR,1940,9.880781
Turkey,TUR,1950,10.693027
Turkey,TUR,1960,11.041638
Turkey,TUR,1970,10.780351
Turkey,TUR,1980,10.689692
Turkey,TUR,1990,10.959923
Turkey,TUR,2000,11.530312
Turkey,TUR,2010,12.2311535
Turkmenistan,TKM,1940,16.603367
Turkmenistan,TKM,1950,15.319364
Turkmenistan,TKM,1960,15.638918
Turkmenistan,TKM,1970,15.547244
Turkmenistan,TKM,1980,15.859322
Turkmenistan,TKM,1990,16.082685
Turkmenistan,TKM,2000,16.806295
Turkmenistan,TKM,2010,16.969461
Uganda,UGA,1940,22.042997
Uganda,UGA,1950,21.65172
Uganda,UGA,1960,21.848598
Uganda,UGA,1970,22.077885
Uganda,UGA,1980,22.536905
Uganda,UGA,1990,22.832478
Uganda,UGA,2000,23.088545
Uganda,UGA,2010,23.381954
Ukraine,UKR,1940,7.716919
Ukraine,UKR,1950,7.754369
Ukraine,UKR,1960,8.00754
Ukraine,UKR,1970,8.027186
Ukraine,UKR,1980,7.8890853
Ukraine,UKR,1990,8.4441185
Ukraine,UKR,2000,9.193344
Ukraine,UKR,2010,9.7672825
United Arab Emirates,ARE,1940,26.806469
United Arab Emirates,ARE,1950,26.850458
United Arab Emirates,ARE,1960,26.685802
United Arab Emirates,ARE,1970,26.722546
United Arab Emirates,ARE,1980,27.064886
United Arab Emirates,ARE,1990,27.338507
United Arab Emirates,ARE,2000,28.097706
United Arab Emirates,ARE,2010,28.547806
United Kingdom,GBR,1940,8.699225
United Kingdom,GBR,1950,8.551125
United Kingdom,GBR,1960,8.237511
United Kingdom,GBR,1970,8.665815
United Kingdom,GBR,1980,8.727484
United Kingdom,GBR,1990,9.233701
United Kingdom,GBR,2000,9.576322
United Kingdom,GBR,2010,9.439036
United States,USA,1940,8.207853
United States,USA,1950,8.766328
United States,USA,1960,8.534591
United States,USA,1970,8.569834
United States,USA,1980,8.983757
United States,USA,1990,9.185129
United States,USA,2000,9.545973
United States,USA,2010,9.964525
United States Virgin Islands,VIR,1940,25.96665
United States Virgin Islands,VIR,1950,25.977528
United States Virgin Islands,VIR,1960,26.10114
United States Virgin Islands,VIR,1970,25.845282
United States Virgin Islands,VIR,1980,26.054462
United States Virgin Islands,VIR,1990,26.215183
United States Virgin Islands,VIR,2000,26.327148
United States Virgin Islands,VIR,2010,26.461557
Uruguay,URY,1940,17.628977
Uruguay,URY,1950,17.163658
Uruguay,URY,1960,16.996965
Uruguay,URY,1970,17.09995
Uruguay,URY,1980,17.390425
Uruguay,URY,1990,17.250092
Uruguay,URY,2000,17.535852
Uruguay,URY,2010,17.705887
Uzbekistan,UZB,1940,13.39612
Uzbekistan,UZB,1950,12.105181
Uzbekistan,UZB,1960,12.518062
Uzbekistan,UZB,1970,12.432285
Uzbekistan,UZB,1980,12.706583
Uzbekistan,UZB,1990,12.845131
Uzbekistan,UZB,2000,13.6375
Uzbekistan,UZB,2010,13.756635
Vanuatu,VUT,1940,24.474821
Vanuatu,VUT,1950,24.75952
Vanuatu,VUT,1960,24.56477
Vanuatu,VUT,1970,24.685268
Vanuatu,VUT,1980,24.692837
Vanuatu,VUT,1990,24.744976
Vanuatu,VUT,2000,24.942957
Vanuatu,VUT,2010,25.077847
Venezuela,VEN,1940,24.194641
Venezuela,VEN,1950,24.525087
Venezuela,VEN,1960,25.022907
Venezuela,VEN,1970,24.647284
Venezuela,VEN,1980,24.935835
Venezuela,VEN,1990,25.072292
Venezuela,VEN,2000,25.416279
Venezuela,VEN,2010,25.803003
Vietnam,VNM,1940,22.648418
Vietnam,VNM,1950,23.173199
Vietnam,VNM,1960,23.130451
Vietnam,VNM,1970,23.198221
Vietnam,VNM,1980,23.436855
Vietnam,VNM,1990,23.646824
Vietnam,VNM,2000,23.787033
Vietnam,VNM,2010,24.180326
World,OWID_WRL,1940,13.707591
World,OWID_WRL,1950,13.698423
World,OWID_WRL,1960,13.743967
World,OWID_WRL,1970,13.746071
World,OWID_WRL,1980,14.009648
World,OWID_WRL,1990,14.142331
World,OWID_WRL,2000,14.340719
World,OWID_WRL,2010,14.574834
Yemen,YEM,1940,23.89266
Yemen,YEM,1950,23.873648
Yemen,YEM,1960,24.26391
Yemen,YEM,1970,24.254295
Yemen,YEM,1980,24.948318
Yemen,YEM,1990,25.47529
Yemen,YEM,2000,25.781733
Yemen,YEM,2010,25.984243
Zambia,ZMB,1940,21.44511
Zambia,ZMB,1950,21.266779
Zambia,ZMB,1960,21.28378
Zambia,ZMB,1970,21.177599
Zambia,ZMB,1980,21.617674
Zambia,ZMB,1990,22.01318
Zambia,ZMB,2000,21.852299
Zambia,ZMB,2010,22.203661
Zimbabwe,ZWE,1940,20.781338
Zimbabwe,ZWE,1950,20.797039
Zimbabwe,ZWE,1960,20.811798
Zimbabwe,ZWE,1970,20.571964
Zimbabwe,ZWE,1980,21.108477
Zimbabwe,ZWE,1990,21.477451
Zimbabwe,ZWE,2000,21.341034
Zimbabwe,ZWE,2010,21.82304